{"cameraMode":{"drawMode":0,"name":"Shaded","section":"Shading Mode"},"sceneLighting":false,"audioPlay":false,"sceneViewState":{"showFog":true,"showMaterialUpdate":false,"showSkybox":false,"showFlares":true,"showImageEffects":true,"showParticleSystems":true},"in2DMode":false,"pivot":{"x":-0.595683753490448,"y":3.3644213676452638,"z":-2.7359812259674074},"rotation":{"x":-0.31134477257728579,"y":0.03334406018257141,"z":-0.010931693948805333,"w":-0.9496489763259888},"size":1.950000524520874,"orthographic":false}